Spindle speed (rpm),Cutting speed (mm/min),Feed rate (mm/min),Depth of cut (mm),Surface roughness (Ra)
1957.139954623418,307.4181155395181,157.14334089609704,0.27143679523364966,0.6589946801682625
1997.8801084340848,313.76738901330793,497.8801084340848,0.15600635943675978,0.6986703919669852
1459.4008976365483,229.20792095885935,364.85022440913707,0.15,0.5416169018618548
1565.7579416707433,245.94301340117065,200.0,0.23779617651552212,0.24399271697048353
2000.0,314.10152076861175,489.35461971759554,0.15,0.6882297574483519
1460.3078676109203,229.37515984432332,223.01539338054602,0.15,0.4627180775050713
1521.0418363200754,238.9196493339656,200.0,0.2301157595911195,0.24716187239853077
1719.067505085807,270.0248694654774,203.17791751430119,0.9459754022568799,1.3994851448128238
1139.5655297064336,178.99725557863806,200.0,0.15,0.3085514775465396
2000.0,314.1124646114575,462.60616562766876,0.15,0.6783424662510675
1700.0,267.03,200.0,0.6514157639249128,1.319705091524223
914.5784422747487,143.6545443592493,200.0,0.15,0.34708998929119583
1205.1382056843536,189.28020289929964,301.2845514210884,0.15,0.4702750282116015
1351.9260458753301,212.35255429207325,200.0,0.30082544823228435,0.750546870088278
1239.5618906669724,194.70038178596803,188.02190546665136,0.15,0.38470224879845705
1841.0901903338115,289.1905658950973,270.54509516690575,0.5207895558877731,1.0358715178210107
2000.0,314.1008293914464,494.19425987525034,0.15,0.6905348089177263
1937.278513778686,304.2985452308389,81.36074311065704,0.17090716207377138,0.2964036814367369
2000.0,314.15,94.17065463929025,0.15,0.40935837474250947
1349.7384557797604,212.0082045899781,200.0,0.15,0.27806593488860565
607.759552344851,95.45885939725441,200.8313806083769,0.15,0.41780106785223514
884.3072910452833,138.9028019278574,200.0,0.15936747678280924,0.3438040267146825
1488.4519423131796,233.80003109855426,200.0,0.4096067480818616,0.8769038846263592
1725.5406829338654,271.0415899328124,212.7703414669327,0.9276347316873812,1.3834887999807677
1537.8827256776897,241.56292913582308,230.74511356990374,0.15,0.5103255678495187
1679.3233906480818,263.7781182030007,253.7970171944246,0.15,0.3917022425142649
1605.0566973395905,252.11630601810285,200.0,0.39303401840375424,0.9939431338821862
1050.768531039397,165.04472085566846,192.38472034409045,0.15,0.33881201637367814
1700.0,267.03,200.0,0.6122000999756197,1.3046756883156563
982.9305070012464,154.38923612454573,200.0,0.15,0.3414167679188966
2000.0,314.15,93.89714207056362,0.15,0.4087839983481836
1175.1700287152166,184.58670908217888,200.0,0.26260930417406786,0.5802331822380116
1309.4334894446686,205.68068044754756,200.0,0.6311316289199649,0.9773730087488535
1896.1087036731797,297.7994556063219,396.1087036731798,0.30583694449023036,0.9034028316049395
673.2200611125687,105.74154032694614,200.0,0.17995366136423266,0.4754023654425848
1807.013534467294,283.8382591469963,146.49323276635297,0.21432882184423532,0.2544583580984687
1700.0,267.03,200.0,0.42984439972451466,1.0622113239099022
1921.791641529229,301.8660738295242,89.10417923538546,0.3324861697651322,0.5972897985515969
1174.569673851399,184.4924019095712,200.0,0.17493852483591416,0.31007377019690296
2000.0,314.15,99.82578644170053,0.15,0.3888473903404658
937.5711703139692,147.26937371920647,200.0,0.19585705677132306,0.47888548472352815
1022.862923506088,160.66681277339518,200.0,0.261431461753044,0.5902098689284927
986.0065138072866,154.87460501887367,200.0,0.30791175564843537,0.7265983220885064
1058.7515545687008,166.2998692227429,200.0,0.15,0.32824968908625984
1974.9497849903994,310.2154462291587,62.52510750480032,0.1750502150096006,0.38674060202688176
1414.2634873974948,222.14650860039848,200.0,0.34283713865774523,0.7285269747949894
957.6810461726477,150.42775032756862,180.28986922841904,0.15,0.3513439651275784
784.9130905820462,123.28984653043945,200.0,0.15,0.3611260728253861
2000.0,314.15,67.35916932731222,0.15,0.33492549641986596
1259.9498628542626,197.90292445714755,161.0075205718606,0.15,0.33391717320921027
1717.840451859385,269.8291668967375,217.84045185938498,0.432159548140615,1.1290483955118233
1989.8209034519555,312.5511184097159,51.908580602758335,0.15,0.3163887837466281
1704.1015894480993,267.6742229826481,199.31640175865013,0.5938476158278512,1.2894261024028002
1511.0747253621068,237.35361785987973,200.0,0.4299672528258961,0.9221494507242135
1768.304482479308,277.75835738141666,165.8477587603459,0.49754327628103767,1.0760979064328278
1550.9250869437626,243.61246080048016,200.0,0.5041661273209902,1.0955544049514456
871.5322158605331,136.89318557475872,200.0,0.15,0.36383223938443643
2000.0,314.15,96.2164517369205,0.15,0.38361385501853473
1190.989758385477,187.07374577402416,200.0,0.526084391699849,0.9413451791046322
955.0878840814669,150.0208601917744,200.0,0.2706239098411409,0.5352440104747296
1708.5841111615396,268.3758492606988,231.78650694759625,0.15,0.4949148606026601
1089.2489407411185,171.0937773669112,200.0,0.15,0.3156712748851317
1955.678272428132,307.1885339893786,157.38695459531135,0.27557822812029265,0.6635098164695002
1796.6237496749536,282.2063702822793,183.89604172084108,0.6245445840917753,1.1141539871890593
1956.5398559562882,307.3232805736137,336.96195678688645,0.15,0.6005571274774675
1700.0,267.03,200.0,0.5924386903591385,1.2408880950200203
1785.528550608154,280.46368434885403,157.23572469592293,0.4717071740877688,1.0196374111064708
1992.5799910433523,312.98447559310256,349.2049990403592,0.15,0.6321514886136389
1516.0029667478827,238.12374601675745,198.3997033252117,0.15,0.2652416020438568
1844.3420305564453,289.70132159939897,127.82898472177737,0.5132019287016277,0.8752564523329179
2000.0,314.15,299.0718690472472,0.15,0.6061298421367063
1217.4865446667438,191.2367864362521,200.0,0.1797271259334643,0.340334463928311
1948.3822661532477,306.0425746038034,241.3970443588746,0.29625024589913185,0.7522824508268177
1405.8466621024718,220.82439368305626,200.0,0.273507997261483,0.6526565015139545
1815.1673664119635,285.09975979003707,315.1673664119634,0.6736924618327703,1.1615426717563593
1766.5769360092636,277.4425751078548,449.9807720019851,0.15,0.6471655987098309
1959.7610783170649,307.8294713766529,55.02986521036691,0.15,0.31794129738943117
1861.958191133851,292.4682332207569,280.97909556692554,0.288041808866149,0.8740909285988525
1700.0,267.03,200.0,0.28631954336028514,0.39008442155621526
1948.8936678874002,306.0773279849641,469.33620073244015,0.15,0.6486637295328554
2000.0,314.15,139.57530339481906,0.15,0.50470813712912
1855.6514171378217,291.47764925178046,174.0580971436964,0.3665228742932675,0.8987306466186957
1700.0,267.03,200.0,0.3574791205875846,0.7233247217116585
1700.0,267.03,200.0,0.9735419520240665,1.4427167808096266
1854.5521047220439,291.30498391500896,225.75868412034066,0.4893784223152312,0.9880128640505605
860.3688296495847,135.14260160840197,200.0,0.18018441482479236,0.4198799487682425
1467.2279456286233,230.46616569934417,200.0,0.2034455891257247,0.25724352869942024
1842.026460002212,289.33762265101404,128.98676999889406,0.5975916966603997,0.9151617430516192
1916.713134412341,301.06771558781844,65.61628729768607,0.15,0.3148717975390561
1761.4952886247463,276.6888599999935,230.74764431237315,0.7065109932089253,1.237511935483976
1436.8430918891922,225.69212865849488,214.80269324307451,0.15,0.390770114966533
1767.8496430395978,277.68691726675286,188.69172616006702,0.6916841662409381,1.1972823812586015
1700.0,267.03,200.0,0.5726839291767625,1.273885836292985
1950.2861506181928,306.34094853910574,64.91415481454214,0.15,0.3106343380741831
1348.2254257859236,211.77123974202874,200.0,0.49822542578592344,0.8639797728290187
1848.2821550414815,290.2954701260084,348.2821550414814,0.37757676743777785,1.0001240551211108
1700.0,267.03,200.0,0.6572535186161303,1.32136701314754
1718.9510782025727,270.00658268301737,209.4755391012863,0.8057808175273306,1.345290601886816
1953.5983577350291,306.8195823286261,453.59835773502914,0.19640164226497087,0.7649596028712035
1576.7989833804468,247.67758430940052,200.0,0.22535979667608932,0.23971216265912854
750.5004940108576,117.88089123648733,200.0,0.24577304164327296,0.5502307568185496
1925.0995973422441,302.34812682299815,425.0995973422442,0.1749668008859186,0.5751321314069473
1676.237814989941,263.29730019470554,200.0,0.5847243096363904,1.267411860557633
1268.5915935003636,199.2614123761892,223.87827119644157,0.15,0.507337430546478
2000.0,314.1159376251466,420.3118742669825,0.15,0.6656641579957896
1507.1711119357806,236.73890240731274,180.8018055040137,0.15,0.3870062174558098
2000.0,314.12106785011383,394.6607494307325,0.15,0.6567683479025781
2000.0,314.15,51.22776102639684,0.15,0.3191782981554334
1965.259693439451,308.69345584955636,332.62984671972544,0.18474030656054913,0.6938986747437844
1513.7067695256872,237.7667206421304,200.0,0.23306425177506246,0.2532956810102272
1308.1620115182768,205.48008876929092,200.0,0.17163240230365534,0.2826940781570757
1607.323850356876,252.4705768910652,200.0,0.31098577553531404,0.7395573266059421
1713.312999059971,269.1210283856861,206.65649952998552,0.9622798359967487,1.416911135902746
1025.9999900103498,161.15546985941143,215.2142853575125,0.15,0.4744142843585475
1721.7526336782455,270.4116853954056,395.6572376293421,0.15,0.5565066385320675
1951.1039985091015,306.42821736607806,451.1039985091016,0.19889600149089837,0.7688117249691108
2000.0,314.15,232.58167505647626,0.15,0.592665340045181
1607.491953085217,252.49866779417692,200.0,0.5621557989894069,1.2257076285049824
1545.79262711401,242.80537690393308,178.38796080537438,0.15,0.39794576163004325
2000.0,314.15,63.470120293754334,0.15,0.33613167442594377
2000.0,314.15,131.12082815429093,0.15,0.43422520082372185
1716.708909512651,269.6516279025349,216.70890951265102,0.5749366357310235,1.2662090153289154
1948.5313148161845,306.0653724580194,344.4854980160198,0.15,0.6253333828004766
1604.689283311221,252.05880442411922,200.0,0.9099843231272643,1.3371585966749069
1565.6884160221946,245.92833638876633,180.29347519334164,0.15,0.26448260992266337
823.808979926206,129.3963214922265,200.0,0.17034627090238236,0.3765992314059163
1303.2727242801589,204.70981251692322,200.0,0.344961037037245,0.7559168790127894
1219.8094126741785,191.60166254285997,200.0,0.16188564760450713,0.3339374857934027
1963.7918639268291,308.46242598562634,339.1375591780488,0.15,0.6060207902824731
1821.4407280098665,286.1019095557898,158.92796359950668,0.15,0.49328083984664106
1599.135958465104,251.17236275985206,259.48157507906245,0.15,0.3431853461234219
1780.5231434734005,279.6775017348887,213.42052391223342,0.7718510934920321,1.2260368480702397
1869.9033998130835,293.6878434306728,369.90339981308335,0.345144900280375,0.9563986911113411
1700.0,267.03,200.0,0.5520342363646937,1.2541447299646473
1504.8448818930178,236.37103404775524,124.27326771604733,0.15,0.3281866297637034
2000.0,314.15,322.3172202764948,0.15,0.6259086978138242
1810.2378400321081,284.34469007437644,218.3729733386847,0.5927783732584143,1.1042196374891349
1845.554793821093,289.891806282833,224.2591323035155,0.3816678092683606,0.9635743532148473
1794.2063166703028,281.82392822257117,111.7381049989092,0.15,0.29190475800043636
1073.9762760279866,168.69305521352345,200.0,0.4516212665632642,0.8374478443604858
1219.839267230274,191.60741912038202,200.0,0.28994642241009133,0.7297904597602436
1700.0,267.03,200.0,0.47067873489661083,1.1688366413750697
1989.5356089308136,312.5063929760665,151.74406517819773,0.17441691249476812,0.5568316257988792
1124.5550929160108,176.63886251222334,200.0,0.15,0.31466146027665526
1025.6572170257207,161.10038226306892,200.0,0.1536653167179601,0.33560161993844795
1540.8979256607195,242.03506412129903,200.0,0.17044896283035968,0.24911567960408837
2000.0,314.15,152.28258157786826,0.15,0.5284260652622946
708.4867854527113,111.28130150761271,200.0,0.1795873051234667,0.48958201930455125
1043.932722199478,163.975732339483,200.0,0.15,0.32208351980877387
1700.0,267.03,200.0,0.3293102813237244,0.5914100474390015
1732.6755025540194,272.16223226781796,205.44591709233657,0.41732449744598055,1.096694911984298
1700.0,267.03,200.0,0.6783111942734183,1.3300127652052876
1464.292460378164,229.97095738481653,385.20552722389226,0.15,0.58742123127617
1856.7443121548356,291.64930662911945,226.12405202580592,0.4842632716387172,0.9822641654259697
1128.9759495470034,177.33027916026927,200.0,0.27897594954700333,0.534071953796941
1353.39408657714,212.56347341520828,306.01822597314197,0.15,0.46485413078770355
1827.1214760946289,286.9965465119297,221.18691268243816,0.20762617463512373,0.38381720886061177
1765.0219400272326,277.24277938027734,167.48902998638366,0.22832601999092245,0.24093706468876894
1419.6322032001003,222.98872831765576,186.27298729999373,0.15,0.36221082155642836
1782.6983548613775,280.0191549368937,241.34917743068883,0.6570371719901188,1.1837975010178434
2000.0,314.1308577891698,222.27989747195895,0.15,0.46081741639485985
1700.0,267.03,200.0,0.9714512705771399,1.441880508230856
1700.0,267.03,200.0,0.8633151091161653,1.398626043646466
1144.2736522196074,179.73774023809543,200.0,0.18825262802440082,0.30434691011866843
2000.0,314.13117928440016,344.1035779993101,0.15,0.6392351208501608
2000.0,314.15,315.8325498103079,0.15,0.6241772907993522
1700.0,267.03,200.0,0.9110296837563397,1.4053045584918291
1700.0,267.03,200.0,0.920127821116086,1.4213511284464344
634.1457187961191,99.60356072889611,196.34153012898722,0.15,0.41416102008599154
1819.598908331694,285.8150018686314,219.93315138861567,0.4206016375024591,1.0235670565426782
1506.1418628402441,236.54945672180355,351.84255885207324,0.15,0.5188199201414583
1072.946789600713,168.53205819977867,200.0,0.15,0.32469067388759476
1700.0,267.03,200.0,0.924215641742015,1.3286802012805696
1192.9777712263372,187.38405103435431,200.0,0.38433015077483795,0.6469173610089731
1812.6747692087158,284.72522035477766,329.9294395580767,0.15,0.6043047303482347
1125.8597612021472,176.84256848485734,200.0,0.15,0.3148280477595706
1846.4723411065333,290.03592237646615,273.23617055326673,0.5082312040847553,1.0222367358634485
1700.0,267.03,200.0,0.8565666714026577,1.3959266685610632
1177.1409029605493,184.89630527077423,200.0,0.17530584328007845,0.3096329880639059
1964.73783213683,308.61148883429144,332.368916068415,0.24990947561231516,0.729683258825998
842.1470135811223,132.2802421582548,200.0,0.15,0.35063619757827114
1505.4428836846741,236.43804750128334,376.36072092116854,0.15,0.5545355157805247
1902.8908654724748,298.896582694089,68.20796272391097,0.15,0.31458498545855385
1556.9783173571586,244.55445625872676,234.18699041429514,0.15,0.3063648623797423
1831.8214969083356,287.73476311440254,265.91074845416784,0.31817850309166434,0.9266593688928932
1700.0,267.03,200.0,0.5818902989996757,1.2826871258436903
621.4623646656885,97.6112775811654,197.70046092867622,0.15,0.41506697395245085
1927.4555033229612,302.71776847137266,427.4555033229612,0.35554274058494323,0.8770793915818316
2000.0,314.15,348.13367603458136,0.15,0.6323043161644492
1919.9213888089025,301.5723194689183,236.65356480148375,0.3768893983747764,0.8326085336516744
701.7064869075072,110.21554643099668,200.0,0.15,0.39712320775721244
1884.3872350857914,295.9910883908083,169.2687941523681,0.47756950059025755,0.8837278308199902
1502.3097853820998,235.97353207384108,232.22534947793213,0.15,0.5390563280161421
1789.116967706397,281.02730506108475,185.14717204893384,0.7475019248318753,1.1780176867549397
1435.4690931334403,225.47434556149236,200.0,0.15,0.2659354711933623
2000.0,314.13678315571195,389.6505328641215,0.15,0.6491602131456486
844.7185223624674,132.68428611820224,200.0,0.19223416000899704,0.41109200386102007
2000.0,314.15,179.87255735887732,0.15,0.5504980458871018
1855.1093383743935,291.3925067473381,122.44533081280329,0.1982968872085355,0.26994520695655466
1673.7301183710185,262.903001596087,200.0,0.7580554142985653,1.2439951277616845
1596.8800385731404,250.83172896822992,200.0,0.421876374156311,1.0872283895855672
794.9435195646333,124.86144956247034,193.03773144412023,0.15,0.43191699082293544
2000.0,314.15,228.77130155277086,0.15,0.5896170412422167
1700.0,267.03,200.0,0.4919554398193816,0.9666053571569491
1836.46834152179,288.46462750835576,268.23417076089504,0.3952974877173149,0.9967218556914086
1846.9187280885599,290.0616478717466,454.075618426568,0.15,0.6392163866336882
1162.6361364708687,182.6207597706323,200.0,0.15,0.3072610441458279
2000.0,314.11216242471556,463.51272585329525,0.15,0.6787050903413181
2000.0,314.15,143.4795408739508,0.15,0.5129070358352966
1655.1223701850656,259.9797243560738,200.0,0.38268355527759823,0.9546506658327948
1757.496991539073,276.0189442380191,439.37424788476824,0.15,0.6252576975426716
1514.2603726545453,237.85368162816258,200.0,0.3993437379966942,1.0316478870585122
2000.0,314.1483877938552,258.0610307241528,0.15,0.6093955654551362
1871.7530936238154,293.9780603895766,371.7530936238155,0.5133662347325229,1.0181921628196675
1992.037216992852,312.89931221567724,346.018608496426,0.1619441745107221,0.6509959581028854
1825.8339593532128,286.79199833520266,297.7501878059639,0.15,0.5020833049767106
1971.6079622833613,309.6905572759732,245.26799371389353,0.1783920377166389,0.6586520691471713
1890.242641488721,296.9107775564951,168.29289308521317,0.3146360377669184,0.8095544702420772
2000.0,314.15,142.73291283899837,0.15,0.5113391169618965
1700.0,267.03,200.0,0.4693193276605422,1.1750692772434785
1503.602322699775,236.17833483806714,256.9254355062078,0.15,0.4264883176947937
1700.0,267.03,200.0,0.5066633292803516,1.1901305251016483
1446.6309214265632,227.23134818008134,200.0,0.221847880158507,0.25845579570347943
919.6714968595518,144.45440858179262,200.0,0.15,0.3466672657606572
1723.6907486572486,270.75102692243183,196.05154189045857,0.24210308378091713,0.24421194512770805
1700.0,267.03,200.0,0.9138002522053249,1.3115531347264364
1700.0,267.03,200.0,0.5256380761493584,1.1974033039882086
1841.9678738335538,289.3271037824054,69.75401577080578,0.15,0.32186773753888154
1685.8135567732454,264.8013097690768,200.0,0.8003474487063587,1.3126713499207396
2000.0,314.12410205290564,283.08152384956287,0.15,0.5117151334091785
1123.9963685110954,176.55057245399277,200.0,0.15,0.3103148044984149
824.027464527768,129.43351330408595,200.0,0.15,0.35460572044419525
1609.5294234994594,252.81683419617758,233.7303926458108,0.15,0.5252519632290541
1156.584092345551,181.67143681654505,200.0,0.4273431829354286,0.7673452539273697
1700.0,267.03,200.0,0.8179279943672385,1.3743213906668135
1878.6017266067313,295.08093264149016,245.6643473788118,0.15,0.590124520039485
851.9823192329015,133.82102273036242,226.99810563209658,0.15,0.4556032632698356
1372.8410920093497,215.6390145273686,210.8025682505844,0.15,0.3662413485125833
2000.0,314.15,211.26269975564253,0.15,0.5592836503196352
1579.7851666399533,248.1442496791367,200.0,0.18989258331997672,0.24199931450488854
1662.6511037954824,261.1630219619303,200.0,0.9546477688945143,1.393899248365015
1731.5777555591037,271.9898128064832,215.78887777955185,0.5526333666613444,1.229823701229152
1977.6911990076007,310.59974912429254,477.69119900760074,0.1574362669974664,0.6581041483009914
2000.0,314.1055798163846,472.1009180771703,0.15,0.6836245983891627
1532.257531148976,240.67701299288115,279.8386296723464,0.15,0.4961111338859947
1726.0416169322293,271.1179869796299,298.632803174793,0.15,0.5191620886543901
1386.6773981509416,217.81235231455915,224.44489158962256,0.15,0.4788244579481128
1680.2702335545503,263.93084828674876,200.0,0.43816214013273025,1.1227989641256557
1700.0,267.03,200.0,0.5685764691412327,1.2699591044990186
1909.265756513186,299.8637971969189,409.26575651318603,0.4070803565459729,0.9231600834999287
1796.2078957130916,282.10871546904116,377.72473742785496,0.15,0.5153079761158141
939.8422844167271,147.6257268247574,182.51971444790908,0.15,0.35193859051944243
1102.2017355838188,173.12513119445543,182.06422372914932,0.15,0.45605870779587143
1697.136944466588,266.58021397570093,200.0,0.248568472233294,0.2205239391626144
1430.0308454948938,224.6238451417924,200.0,0.22000342727721045,0.2609753183393305
2000.0,314.15,57.23164752579386,0.15,0.3317864598041671
1956.441046134602,307.3083403128748,328.220523067301,0.2516375590192622,0.7436493497923418
1357.0689040968625,213.16028920348054,200.0,0.15,0.27727736520732055
1339.2196904475704,210.35793287705212,222.4674871019821,0.15,0.4689374355099105
1587.342213809237,249.33146178943113,200.0,0.2810133207138556,0.6496399621415667
621.7328139291615,97.65368174792305,200.0,0.15,0.41243816613256556
1201.145976797575,188.66999475567246,200.0,0.15,0.2998342153566175
1982.8951450448126,311.41624825753115,482.89514504481275,0.15570161831839574,0.666314240499033
1763.0856733074647,276.93668213477,235.19285458171655,0.15,0.515802584295086
1642.337349632668,257.9350418039833,410.584337408167,0.15,0.5929458213510995
987.9944516046473,155.18975069261,200.0,0.24399722580232364,0.5536599618264715
2000.0,314.1434881588341,108.60657049323015,0.15,0.3656602113439995
2000.0,314.15,255.21986290449715,0.15,0.6079937033955007
1738.4184019195607,273.02296971476835,434.60460047989017,0.15,0.6199045632719301
1354.9947908867875,212.83461029415878,200.0,0.302140624665766,0.7541267803402152
1928.6927096065817,302.95000158887376,85.65364519670919,0.2213072903934184,0.5162604131015716
1548.4061003777524,243.1941128355619,330.6522876416572,0.15,0.4712851490982126
944.8938621843384,148.41316615834728,236.2234655460846,0.15,0.3972548028312223
1726.117563807561,271.12991633507266,238.58823182531506,0.15,0.5495411591265753
1831.6119371154791,287.70184825627126,134.1940314422604,0.20612935429484025,0.26237904375118426
1985.3226590819584,311.795474009106,494.49599715573436,0.15,0.6860842522711678
1004.5950548127307,157.79603753808536,200.0,0.15,0.3273721350267527
1771.6735081928373,278.28751902015495,164.16324590358133,0.3783264918071627,0.9559141770600555
1008.779988528601,158.44933619784322,200.0,0.15,0.3382440022942798
1802.265870659142,283.0755151064194,302.265870659142,0.6113796351286686,1.1546796351286686
1721.9244686081045,270.4736032027129,189.03776569594777,0.2426918437972985,0.22705967889180964
1772.8069378596683,278.4655430398252,187.86551035672193,0.4907895932104974,1.1123037141977752
2000.0,314.100451923454,498.64422963810614,0.15,0.6927576918552425
1991.2490709064207,312.77552073703515,248.5415118177368,0.15875092909357935,0.6226433700048954
1756.3601239063141,275.8790482632038,123.09196282810578,0.15,0.2873632148687577
1702.2673131875663,267.3861193246604,198.86634340621686,0.24924422893747789,0.22073007484639637
1748.0551513563405,274.5698532478098,248.0551513563407,0.8638437378237014,1.3315602832306035
1394.3700671618637,219.01990369302646,200.0,0.4035236146040553,0.8808503778219845
1700.0,267.03,200.0,0.5207356677164563,1.198457831371213
1939.7482853640631,304.68566066498704,68.07551439078105,0.15,0.3093697942436876
1838.2716341791975,288.7478646750792,176.95472763680044,0.20390945527360088,0.3613136101311397
1158.2877318747703,181.9347414242139,200.0,0.1726125331249672,0.3128649602500394
1496.8898299236212,235.1221732132168,296.095338920388,0.15,0.5554257329603205
1354.6451842442086,212.7712269911438,257.99194409157826,0.15,0.3760274387040591
1700.0,267.03,200.0,0.8829052423861664,1.4064620969544666
1346.5122972406307,211.50146725943907,200.0,0.15,0.2785268146799099
1554.2037876688366,244.12541504277425,200.0,0.380366097592556,0.5809283635164845
1118.874391177072,175.74278936609446,194.05628044114638,0.15,0.36218196139364167
1543.5657473817507,242.45417891367305,200.0,0.30248011583612766,0.5042059252441805
1700.0,267.03,200.0,0.8302211651536877,1.3546224884580362
961.6450893093051,151.05040240325908,206.73521205455438,0.15,0.39027606027277184
2000.0,314.15,312.7993382604098,0.15,0.6233674233155294
1285.4328626886436,201.9093669068187,260.67910783608045,0.15,0.46853272758828973
1244.4411338445573,195.47059109863383,197.22242913471516,0.15,0.3125879511614708
1700.0,267.03,200.0,0.935197160860824,1.4273788643443297
1582.1832300925896,248.4902326214394,374.65496902777693,0.15,0.545685335191712
1709.4388004900322,268.5125209303011,204.71940024501617,0.5858417992649515,1.2790238390443183
710.6758032253415,111.62716868670114,200.0,0.15,0.3833972590323975
1999.39444467553,314.0548874437032,349.6972223377649,0.15060555532447018,0.6343562903376507
1073.2387818015886,168.57898165148453,165.84515227480142,0.15,0.3474920406066137
1800.4823411787825,282.8097661523632,290.1447023536348,0.15,0.48298339584409483
1725.6354008454323,271.0521943926483,225.63540084543232,0.4243645991545677,1.1170103959610374
1290.6073451030022,202.72039656296445,200.0,0.15,0.2865132364138568
1173.2918391959206,184.2916723399763,200.0,0.32329183919592047,0.6007547060358044
1946.8951415125302,305.76784770331597,446.89514151253024,0.2739113364707627,0.8172113364707627
1515.8466783073284,238.0995131620813,200.0,0.20546337407564985,0.3466645961597017
1636.8614600911126,257.11219815111195,200.0,0.5431753140820013,1.1737229201822252
921.6214214534124,144.76087764812286,200.0,0.23771493312365793,0.632963501705023
808.0447313086808,126.92359743912778,200.0,0.15,0.35545075267018844
2000.0,314.14132440450976,210.72916843148315,0.15,0.5555244353643664
1700.0,267.03,200.0,0.9742833396859122,1.4430133358743649
1077.6407759887813,169.26581309231776,196.11796120056093,0.15,0.3544877687995066
1700.0,267.03,200.0,0.7756842404998869,1.3673309851715816
1360.4533449392816,213.69207115646202,200.0,0.5876933474262706,0.9132752984584318
1894.0528347799454,297.5078192872338,160.59471652200546,0.15,0.46938853078117054
972.2944483141525,152.72253513163008,200.0,0.15,0.3319865073836925
1705.135136974701,267.8341016403012,105.28716181724354,0.15,0.310481554092225
1586.4933606527934,249.20037709134075,200.0,0.22729867213055868,0.23816106229555306
1964.4690364822272,308.56926999680843,67.76548175888647,0.1618436545059243,0.3051590297472771
1593.6845206450014,250.32783819332968,200.0,0.29052678096750206,0.6781803429025062
1220.9927144547942,191.78753558655907,200.0,0.16259562867287647,0.3359647184039533
1396.569437071056,219.36539328619045,200.0,0.31995833017330966,0.802626574731749
730.011012094072,114.66472999997872,200.0,0.15,0.3775966963717784
1316.377350335032,206.76836206120015,200.0,0.5341724968353959,0.8431755773257016
1033.970239880347,162.4108754292055,190.25124000498553,0.15,0.38974578398304915
1700.0,267.03,200.0,0.7895668230140147,1.3707463383488303
1727.6484458349398,271.36804115150204,227.64844583493976,0.4223515541650602,1.1139015834822414
1593.3497201441796,250.2752410346506,200.0,0.47672402050462825,0.7871531344394442
1838.456878276582,288.77696034797515,176.92385362056967,0.3923146825851269,0.9430581678029715
840.4116846493569,132.00766536629772,205.0514605811696,0.15,0.36591826095206414
1652.8362868544782,259.6215239391014,200.0,0.919821687652613,1.3445121792585395
1973.0889330055338,309.9229441518442,346.6361166256917,0.15,0.6270947564688593
1455.8178589475388,228.67386928347935,200.0,0.5848903602108155,0.8900694734483924
1091.4871421705388,171.4461525429434,200.0,0.2957435710852694,0.6621432999152069
1593.857045465158,250.35494184257632,200.0,0.5488924432269218,0.8181936315407734
1902.4358906502232,298.8259305581284,233.73931510837053,0.24756410934977685,0.7854675338079242
1556.2498321759308,244.44794238903432,266.79684353298705,0.15,0.4484225863302972
1013.4014075977857,159.17516968493217,200.0,0.16340140759778568,0.36016528946106807
2000.0,314.1059192180061,482.24234598169966,0.15,0.6861969383926799
1769.2383961779594,277.90504409301815,234.61919808897977,0.6884437422514277,1.2178960630158358
994.6043082150018,156.2280122803942,200.0,0.17162270091277798,0.32706339055314526
1214.2360244659517,190.72341892896577,200.0,0.1806051463522788,0.30327382437726547
1076.8931349796735,169.14931388008495,200.0,0.15,0.3318189982258358
1111.8339814055535,174.6381506077823,218.27978505019834,0.15,0.4860631831907537
1388.7717102773959,218.13913343364433,115.48874532742188,0.15,0.3602591635516146
1424.1828787614618,223.7052595227865,200.0,0.3580609595871539,0.9114292255657438
1359.3967635266513,213.52724663094875,229.8868931612471,0.15,0.36640867660429105
1832.1263436603974,287.7826443775931,222.0210572767329,0.2059578854465342,0.3902668148636988
1598.2096079360088,251.02694425379465,258.92576476160525,0.15,0.34237627157131
918.4882299139326,144.27186784770294,200.0,0.26190555047426967,0.5009844908295664
1760.6803209955358,276.56085575103214,169.6598395022321,0.3893196790044642,0.9866951012124998
1700.0,267.03,200.0,0.40794840791080667,0.5288681116695826
1199.5053149296084,188.40829486914288,190.02473425351957,0.15,0.3772276917658649
1433.1497064699095,225.11315589229338,200.0,0.19662994129398187,0.2626960469648145
1095.1375636021917,172.01611124190433,200.0,0.15,0.3209724872795616
1715.0729029468946,269.3974506228589,202.5121504911491,0.24497569901770178,0.23942394759756488
1700.0,267.03,200.0,0.905008577299097,1.416894537249879
1688.8949934381699,265.2854034691365,200.0,0.43334249015725484,1.1066274704717647
1165.3717121945506,183.0498959857639,200.0,0.15,0.30692565756108986
1920.3510777712784,301.63980928194206,236.72517962854639,0.22964892222872169,0.7526230240859898
1973.879301432407,310.00166239474464,473.879301432407,0.21094829665771705,0.7542482966577171
1723.6818208839668,270.74962466684167,188.1590895580167,0.24210605970534443,0.22762554632463727
1652.0021272260087,259.4895341872059,200.0,0.6820074452910297,1.1205040900890193
1396.9055338320695,219.41893672667234,163.08021240648694,0.15,0.3040857898270154
1820.7218777897936,285.99138293818356,179.8796870350344,0.20975937407006884,0.34337775910116897
1328.946189568203,208.74086745737333,200.0,0.15,0.2851317755800237
1733.8831308025415,272.31166802992306,420.1649392407624,0.15,0.5992809101125378
2000.0,314.15,85.80379654017183,0.15,0.36851550498324914
1873.05721433981,294.1826769299162,373.05721433981006,0.5096712260372048,1.014888390339148
1840.3124372145637,289.06840680516746,176.61459379757272,0.6024480945587363,1.019874881444213
1929.5106622429053,303.07763552416947,247.48252365153232,0.15,0.597033589875823
1231.0504963792284,193.34929628141816,307.7626240948071,0.15,0.47754558510907186
1486.667725337339,233.51833295736253,146.24980149924895,0.15,0.30594835530074976
1700.0,267.03,200.0,0.7685813390287408,1.32846015143605
1700.0,267.03,200.0,0.6387844181275918,1.3144743448452172
1509.3571689943537,237.08001124901295,200.0,0.18275009148023794,0.30978146997940925
1721.032441892377,270.32999013291396,221.0324418923771,0.8009243022511201,1.3442243022511202
1700.0,267.03,200.0,0.9669330993631872,1.4400732397452747
954.8181216488761,149.97547567246298,200.0,0.4241776394559497,0.7509999515576271
1100.0954631733437,172.7949972645323,200.0,0.15,0.31998090736533125
1575.373156011448,247.45022195605537,165.16524442816257,0.15,0.4932364622580423
1700.0,267.03,200.0,0.7906388997753013,1.3403592028424218
1388.6232983800794,218.11894770954285,200.0,0.3197609685420715,0.677246596760159
1216.7159946622496,191.1129868186585,200.0,0.1809594278088928,0.3028486866293286
1505.0618807902897,236.40522147215452,200.0,0.16138923177815181,0.28300783208294145
1491.4042717267037,234.25989761254093,200.0,0.15,0.2578435153568702
1109.4644818033487,174.2655486583771,200.0,0.15,0.32602853656829356
1261.480086226151,198.14478611632506,200.0,0.411480086226151,0.7334528211742927
987.7295309669456,155.14813754755232,200.0,0.24386476548347283,0.5533822661269072
1409.3870421822176,221.37885594050942,200.0,0.41317738425999695,0.9014450864213268
1824.0525172670618,286.51216941231,232.40525172670618,0.15,0.4834367620869432
1700.0,267.03,200.0,0.5947591130391017,1.2949897120653813
1627.5803749105924,255.65287689845405,200.0,0.21379018745529615,0.23325279139136162
1700.0,267.03,200.0,0.3118543755619894,0.4108649303055674
1762.5609377331443,276.8562379532858,168.71953113342784,0.2291463540889519,0.24014462195007247
721.4657198364587,113.32005611867424,200.0,0.22729636716865548,0.5244505168766083
1226.673702431702,192.67720045627135,200.0,0.24714587247072942,0.6044310648653255
1897.6044062149845,298.0670654028335,298.8022031074922,0.25239559378501564,0.8119120474256623
1565.4305733022911,245.88914306578994,200.0,0.24814585995343658,0.5510375798603098
1350.1949746454322,212.0806277314453,200.0,0.5752367549265963,0.8969600932467996
686.0921272700048,107.762920890936,200.0,0.15,0.4001133576277941
2000.0,314.1169082707443,347.82556330129916,0.15,0.5659130882124431
2000.0,314.12494855584566,425.1543324629351,0.15,0.663361732985174
811.6077228105728,127.48331530414521,200.0,0.1609628493210966,0.37074465511817256
2000.0,314.1196432359558,362.49734830925195,0.15,0.6278094513232924
1532.905880345288,240.77556509660337,219.74352820717294,0.15,0.2853399958935747
1739.9629772409887,273.3068516253179,206.66049620683145,0.23667900758633714,0.27149895667122065
1700.0,267.03,200.0,0.2823751532786373,0.31990047297408086
1848.73761687303,290.34532317550315,467.58663218707784,0.15,0.6634040704205482
646.7481584073489,101.5841356857945,200.0,0.15,0.4025755524777953
1530.783901956581,240.44615099737888,200.0,0.25774365684803346,0.43156030677022816
1700.0,267.03,200.0,0.9334696956023233,1.4266878782409291
1881.218832141215,295.4934379016468,290.6094160706075,0.18959372261959498,0.46965914441321394
2000.0,314.11889196068637,367.75627519548465,0.15,0.630314203071678
1293.1220628697706,203.11851780877717,200.0,0.3965610314348853,0.8735015045681573
1740.606630491985,273.40794809594115,193.2322282513358,0.5390900542620222,1.195316106591662
2000.0,314.15,66.2660815105485,0.15,0.3507587711721519
1803.6442561170338,283.3090578274488,217.27404268617227,0.44453361582444945,1.0604435760281627
1008.7011624518618,158.43952169096107,200.0,0.4658145346218932,0.8017822682853137
2000.0,314.1391734780025,382.4795659926099,0.15,0.6462918263970439
1483.7167008023262,233.05221936202935,175.8141649598837,0.15,0.43026153636971404
877.5189251573123,137.83650049943247,200.0,0.18875946257865617,0.437857059992676
1862.2005677598372,292.50630250947836,281.1002838799186,0.35669914836024424,0.9395362715817219
1833.5938925634898,287.9908817432115,333.5938925634898,0.39960916115476525,1.0298286179391023
695.6670963341112,109.26930083408885,200.0,0.15,0.38789987109976665
975.1979758225398,153.17734870212396,200.0,0.15,0.3436865266984864
770.9346615158992,121.09383532414775,200.0,0.15,0.3653196015452302
1611.793083697333,253.1746536025466,200.0,0.7813946206534812,1.2916954331878057
1911.0162553528721,300.17361984075774,235.16937589214535,0.23898374464712793,0.7697368651864013
1721.5844749313455,270.4202015292167,210.79223746567277,0.5676232876029816,1.252032101877573
1946.8753233808131,305.8058841256797,241.14588723013551,0.20312467661918693,0.7039952404685095
1361.9887637628112,213.93438506804358,230.37289320552713,0.15,0.36748856870268126
786.3149635250296,123.50669322499078,200.0,0.16693772395682088,0.3833004347008902
1710.0055021478315,268.5766637271666,326.0033012886989,0.15,0.44001880557591594
1700.0,267.03,200.0,0.7371471037636721,1.3511832991246024
624.0797006576477,98.02292097331643,200.0,0.15,0.40937608980270573
1524.9754944452384,239.5355257899858,139.06709479151783,0.15,0.30674324150973864
1651.1143368443218,259.34878445982184,284.5839381583104,0.15,0.4879455105877656
967.6397891668341,151.99201988338046,200.0,0.15,0.33287896983289295
1688.0268673647583,265.1492603256562,200.0,0.442816120418855,1.1360876291693038
1856.4131064421224,291.59728525184266,121.79344677893882,0.19786229785262588,0.2703650202743634
1775.0420206135195,278.81660003769673,162.47898969324032,0.3749579793864807,0.9464823422821458
1706.0041852680838,267.96913742191055,138.19874441957492,0.15,0.28132050223217003
1013.8621359128601,159.24746430919205,199.306893204357,0.15,0.34258667456133973
1103.6888740350932,173.36277346926795,200.0,0.1837432082261215,0.31050677756311806
1766.1953178865244,277.42707792937676,188.9674470189126,0.38380468211347546,1.0175898324382986
1700.0,267.03,200.0,0.7322531416070576,1.1630460184126012
1700.0,267.03,200.0,0.5361396857716285,1.1029453160953107
752.8711543854993,118.25351050138885,200.0,0.15,0.3868920389977513
1828.2063706265685,287.16551566616823,328.52579632832106,0.15,0.5936872522936428
1619.9935716522132,254.4609901065627,200.0,0.6599726795219061,0.9745815359810177
1901.5519782939177,298.687097390698,166.40800361768038,0.2976720325591235,0.7803989999582803
2000.0,314.15,258.42553774179714,0.15,0.6088496185770599
1109.6267245832169,174.2946177639088,212.9011135243007,0.15,0.42110556762150353
2000.0,314.11916985705295,404.15071473543526,0.15,0.6600594678702489
1838.2695014619744,288.72448477938383,338.2695014619745,0.20391016617934182,0.4381431834731752
1985.8409894907863,311.9260914160195,152.35983508486893,0.19011719644277214,0.570337183462961
1701.3577542959558,267.24325794141805,199.77370761734073,0.8468319066427701,1.389377447838984
1982.7395409103858,311.38959010915795,494.82186227311576,0.15,0.6872018798036393
2000.0,314.1336773289065,196.90403984087413,0.15,0.43957500401790506
1922.1190148874564,301.91749327165644,237.01983581457606,0.26682147766881537,0.786608916923459
1700.0,267.03,200.0,0.4144456225154021,0.9900988502396282
1926.9964071003728,302.63624580697154,478.0989221301118,0.15,0.6675078306285617
1782.3520020521232,279.9647544556535,241.17600102606175,0.47647199692181474,1.116986400772831
1307.1714599633947,205.32395707375025,179.90535125686347,0.15,0.30222380779424046
1742.740817674423,273.7431577627293,178.62959116278856,0.7502714254263465,1.2399032053664962
601.6221608105017,94.4948414633298,200.0,0.15,0.41611335175684955
1562.0475375000528,245.3564271905083,193.7952462499947,0.15,0.2901056702500284
1794.3886726805595,281.8395827435798,294.38867268055964,0.4584169909791605,1.109114640949015
2000.0,314.15,341.45207878760976,0.15,0.6287396840331898
815.8745754863528,128.15349894451887,201.9843219357941,0.15,0.36026041253089486
1252.4647172020386,196.71204275796015,313.11617930050966,0.15,0.48355405856827205
2000.0,314.15,191.12040672118542,0.15,0.5594963253769483
1676.8163039148449,263.3883050189438,200.0,0.43608978234890683,1.1168816918669122
1700.0,267.03,200.0,0.3835657746881972,0.6321458190378658
1662.0364944228415,261.0666925439399,200.0,0.2424072988845683,0.22607416089234536
1066.1343575492408,167.45838488383475,200.0,0.15,0.32896878916078665
1967.041065877765,308.9732500805343,244.50684431296085,0.18295893412223488,0.6670247125574307
2000.0,314.15,88.680724205188,0.15,0.3978295208308948
1215.375362634564,190.90239267899523,200.0,0.36537536263456394,0.6640783849471232
1189.7911368581613,186.883476298462,200.0,0.17711301955116587,0.3074643765386009
1700.0,267.03,200.0,0.9781952290248694,1.4449433215237812
1700.0,267.03,200.0,0.9744077725213562,1.4430631090085424
1891.023394497257,297.0334078290358,295.5116972486285,0.3134649082541146,0.8754823429622627
812.5013883020822,127.623343032842,200.0,0.15,0.35556238477092716
1854.593144919108,291.31142996196115,277.2965724595539,0.48928266185541525,1.0016640328715936
1732.1827497062127,272.0812663238519,176.78172502937872,0.15,0.3819786848413549
1801.0067871487995,282.8947993681714,149.49660642560028,0.2163310709504002,0.2525241854619134
1686.3118581514748,264.8795929155967,200.0,0.24315592907573738,0.2225049299582801
1725.2793098467555,271.0005369332637,204.21321830779257,0.7910149436909043,1.327009223145192
1442.1736360298748,226.53120769504818,200.0,0.22135262622554164,0.25913231257591013
1870.1992648656221,293.7157216952541,472.185556756919,0.15,0.6676458118487983
1912.7050743764069,300.3964425756084,447.6230446258441,0.15,0.6170566119603538
1700.0,267.03,200.0,0.4775676997661852,1.182954720976473
1485.6918370964145,233.36608411989948,200.0,0.39155231920811306,1.012429054046679
708.2968045549991,111.24723960675864,223.20645811892837,0.15,0.4380040898716916
1703.6009081818047,267.59558264508877,200.60015136363413,0.5945986377272928,1.2916771008891221
1441.749042553402,226.46393960428838,200.0,0.5609733723407833,0.8576183415536769
1981.7694745871906,311.2863490681559,248.17694745871907,0.15,0.5938386322110336
1873.2839241911402,294.2182477055899,373.2839241911401,0.19223869193628662,0.4933842710655554
1845.0117224437174,289.7823392514193,345.0117224437174,0.5116393142979927,1.0549393142979926
1762.3371180500428,276.81825402170347,324.53611979107603,0.15,0.5965131810581745
1626.0242079023465,255.40988257730055,200.0,0.23520484158046928,0.23183612673562456
1066.7682217028384,167.56080093457584,200.0,0.2773004241007741,0.7306077127819095
2000.0,314.1045586751142,477.20662442921554,0.15,0.685395257352052
1797.851076238476,282.3991423745233,151.07446188076196,0.35214892376152396,0.8826169865322671
1618.5143914720597,254.22814804047377,302.31429893400747,0.15,0.5453357767669325
827.641344648053,130.0017642105929,196.54483191899337,0.15,0.3556786218450649
1002.4818688273251,157.45972786195486,200.74456064819753,0.15,0.34087684425669396
995.2533790891007,156.32583613963152,185.88380788967498,0.15,0.4476556226427151
1700.0,267.03,200.0,0.32657009794380787,0.4562734450837501
1819.9949054880706,285.8771998219929,140.0025472559647,0.4200076417678942,0.9066566998101048
1090.2922201659821,171.25661372464248,200.0,0.15,0.3151296828334311
1392.0840414269192,218.66000010678812,200.0,0.15,0.2722118420069057
1965.6230467887563,308.7500681895778,339.68691403662683,0.15,0.6074004034506489
1277.5338422096677,200.66995474797858,200.0,0.5214152106075194,0.9066659269097361
1977.409569920459,310.60179644884005,153.7650716799235,0.15753014335984697,0.5035125804587092
859.2460662611975,134.9610758579776,200.0,0.15,0.36695437831098077
961.32011284346,150.992635053518,240.330028210865,0.15,0.40186373499532746
1700.0,267.03,200.0,0.9196686290353302,1.421167451614132
2000.0,314.15,255.05073923828067,0.15,0.607948547376621
1345.49924433681,211.34502130042614,200.0,0.3973487153725774,0.6356085569872865
921.2879135377002,144.71129901893426,200.0,0.15,0.3394377602344154
1972.6022796999328,309.8467313982028,245.43371328332213,0.21392801403348993,0.6784459552002094
1699.0843025850913,266.8861439361178,200.0,0.24954215129254562,0.22016757262692832
1845.012237155776,289.8045222124293,326.75183557336635,0.15,0.5878420891577891
1700.0,267.03,200.0,0.42088597928812144,0.5010049043413869
1498.055318180184,235.3089781457029,200.0,0.8092744671701738,1.2072191860535644
1563.7400240853187,245.6159089809134,238.2440144511913,0.15,0.31227053703611746
1915.4503842681543,300.87007368905137,235.9083973780257,0.38955724457356333,0.8452271988005131
1793.6692380902796,281.74231499604656,153.1653809548602,0.6314384444560143,1.0571211044939868
1403.8710407659541,220.5100630835161,200.0,0.15,0.2726343104002389
1623.8219274750675,255.06242480633307,200.0,0.6762431917690368,0.9974885030470664
1700.0,267.03,200.0,0.7956030150170887,1.3729990452043777
1764.0628563471023,277.0921393035849,232.0314281735512,0.5039057154793464,1.1576309789112893
1638.7664173174974,257.41156490686063,200.0,0.42958880577249914,1.1021701487266644
1906.1497407427341,299.40925261265875,96.925129628633,0.243850259257266,0.5793807259203448
1931.4735985859222,303.38587286587665,329.4420795757767,0.15,0.5816722091746338
1268.3817100690671,199.2310571090987,258.5477137586334,0.15,0.4646010159800924
1544.5560124702383,242.6111356587627,221.5347507793899,0.15,0.43205109177921885
1768.0072912798096,277.7085853142325,173.19927087201904,0.15,0.40132393729109717
1692.2486128891635,265.81225708488756,200.0,0.967056604778945,1.40691957522231
1707.344902332592,268.1797372584036,164.6327548833704,0.15,0.4719905587752617
1633.3870835114435,256.56511081964777,200.0,0.6168547922900519,1.0147054891372886
1700.0,267.03,200.0,0.9613781175261296,1.4378512470104519
1808.267645901588,284.0352382496094,181.95539234973532,0.4375985311476179,1.020886008865706
1987.2196553192377,312.14246345754583,346.1658965957713,0.15,0.6236712883175136
1650.3589174734511,259.2313859350792,200.0,0.7890253992621679,1.1562725827023959
1807.6741689253522,283.94202279920864,217.94569482089202,0.5987602725075116,1.1109424376880848
1700.0,267.03,200.0,0.8798137030462095,1.4072386016924598
1700.0,267.03,200.0,0.39736529115030084,0.9101116584568588
1784.6090050785308,280.31745947271025,241.02537521160545,0.15,0.5617268760580273
1869.6164577322616,293.66935318058364,330.4424686598393,0.15,0.5950585070528723
927.7982741544209,145.72891391280567,200.0,0.15,0.3538266304994284
1092.2922461941662,171.57261649385475,200.0,0.4260537880722681,0.7127743404457134
2000.0,314.15,201.28353624351422,0.15,0.5676268289948113
1166.271656724073,183.19183941040646,200.0,0.15,0.3065545413766218
1051.901654897662,165.2274524430502,210.4959022874026,0.15,0.4090795114370129
1700.0,267.03,200.0,0.8880069098244001,1.40850276392976
1700.0,267.03,200.0,0.49771286514121427,0.9843711267214611
1631.3125404799305,256.2392001093971,200.0,0.44545321607984356,0.9416575236837972
1754.5076546974092,275.5913356311397,172.74617265129544,0.2318307817675303,0.23755146481256573
1209.515949709984,189.98585534500046,200.0,0.3547579748549919,0.785863718840443
892.7115053910395,140.21965546956153,200.0,0.22983041056119258,0.6135150127176083
1906.003583517239,299.35196225385477,406.00358351723884,0.24399641648276116,0.8384617991882108
1700.0,267.03,200.0,0.5237879533080922,1.0648313987792564
1720.1853838764544,270.20045096086176,210.09269193822718,0.24327153870784854,0.24780873052046196
638.223641583334,100.2439785017022,200.0,0.15,0.40928017263679156
600.3898197166799,94.30123418049513,200.0,0.15,0.4165242450350585
1015.7932710571913,159.55089726492682,200.0,0.1657932710571914,0.3637643605779139
1888.9050785777608,296.7006910086136,294.4525392888804,0.2610949214222391,0.8270865746008591
1764.0482859415633,277.0791760642313,264.04828594156334,0.22865057135281222,0.3210468457871398
1263.9059221801915,198.5283422560645,200.0,0.2394682910522679,0.4397366894392064
2000.0,314.15,294.08264401020676,0.15,0.5742699111934415
1314.773884028604,206.51648041112185,200.0,0.352354639732674,0.7716898980963713
1705.7297598061177,267.9289993135798,205.72975980611776,0.4442702401938823,1.1477513409394189
1919.6657618936665,301.5321690014319,163.38903968438888,0.17677807936877776,0.4444984086553273
1976.6640861674055,310.4845113347452,248.54150538546284,0.15,0.5976565110236581
1113.1703574821345,174.8490631604433,200.0,0.15,0.31736592850357315
1622.9092935112874,254.91659182475303,187.70907064887126,0.15,0.3229710184960951
780.1707775444752,122.54482915223704,200.0,0.15,0.3625487667366574
1047.1784547474495,164.48106126289932,200.0,0.1803290066233603,0.40470188079650204
1612.607506058317,253.30238705164044,200.0,0.7276505084816438,1.202207572747116
1700.0,267.03,200.0,0.48417983197693165,0.9426120529573893
1675.878611361439,263.2405298448821,200.0,0.8974840982861162,1.308969671081171
1022.0801768104409,160.54112159188733,200.0,0.47615286389897704,0.8143913811812582
2000.0,314.15,60.56941279872905,0.15,0.3319256485581571
1990.4626522588717,312.65200058146013,54.76867387056418,0.17702248526653033,0.3527370105911353
1700.0,267.03,200.0,0.30007168345319085,0.3745069089412746
1862.1311067483434,292.4953924999398,172.97814887527608,0.19595629775055218,0.38569799109680697
1839.0423174819657,288.8689133325007,176.8262804196724,0.31095768251803446,0.8646111332878724
878.5187977140913,137.99023914274346,200.0,0.2639395081557646,0.6402759144551166
1874.6047743479262,294.45458989091424,229.10079572465435,0.2753952256520741,0.8364912470288025
832.1946407375463,130.71355633912782,200.0,0.1711086037034133,0.3751004851190895
1710.8632815812389,268.732404270781,235.54316407906194,0.15,0.5295161508695584
1571.4488236351763,246.8353239724953,223.21555147719852,0.15,0.4423577616581813
2000.0,314.13333500700645,266.6549509546838,0.15,0.5821610866404165
1700.0,267.03,200.0,0.5407329233012165,1.210291207363495
1886.7954568309065,296.36933975290765,293.39772841545323,0.41414393406121813,0.9200848426950368
1510.720738948397,237.2940136740142,225.53603694741983,0.15,0.4761581490036426
1174.8796063416662,184.54358615627575,200.0,0.15,0.30502407873166676
1700.0,267.03,200.0,0.46386028392560685,1.164801823012978
2000.0,314.15,50.78367499021865,0.15,0.31773632873581703
1214.3043899871627,190.73801290276134,200.0,0.3571521949935814,0.790883068348766
1174.5005251244615,184.4812658187168,200.0,0.15,0.31446657331120687
1339.90714895589,210.46591542224644,191.25580319025687,0.15,0.3396286999417558
1700.0,267.03,200.0,0.8770591755964607,1.2511361083508201
1894.8628875810982,297.6364642094045,232.47714793018304,0.44788848518688856,0.9033319769502808
1636.2365354253989,257.01275971533016,200.0,0.6268278739888967,1.0309003490902555
1821.4032955430866,286.09602966390804,167.85967044569134,0.15,0.43015777959326684
1678.8014395833613,263.699706158546,200.0,0.9099061182292851,1.3264584137470419
1879.7089019934945,295.25627820644485,170.04851633441757,0.3304366470097583,0.8367104506607712
1292.7716716645768,203.05857418507168,243.9157507496865,0.15,0.42586993129922035
1345.296579136992,211.31115977414805,200.0,0.495296579136992,0.8595726954357052
783.9585143558872,123.1398826053099,200.0,0.15,0.36141244569323383
1554.5290442478072,244.17764962522432,133.52580420353615,0.15,0.307356477668142
756.907418544854,118.89015545339656,200.0,0.15,0.36952777443654383
1894.9979394580464,297.6576763575438,232.49965657634107,0.2550020605419536,0.7991037776602483
2000.0,314.14025286155146,137.7242460365719,0.15,0.3900349410710592
1742.8356910003654,273.7580591997907,221.4178455001827,0.4071643089996346,1.081880276331696
1910.959935432646,300.16477385862095,235.15998923877436,0.2835600968510309,0.8124012692366773
1954.5819655696341,307.01634072547046,157.569672405061,0.2786844308860372,0.6668963083554007
1314.9939133368212,206.54924390694788,184.25030433315894,0.15,0.3987778642286508
1525.7022916485225,239.64783001798287,200.0,0.2592347395062199,0.4103896620789334
1630.2185677021437,256.06833386361103,200.0,0.555140507808521,1.2042997499915113
1651.6845017612243,259.4383431141443,306.46056272015306,0.15,0.5529842513644423
1137.7610524391982,178.71226133819803,200.0,0.15,0.31244778951216035
1576.9097159231187,247.69251637152195,200.0,0.1884548579615594,0.24252552198606928
1716.4766981998469,269.61557736974095,232.27979363749043,0.15,0.49793969458509135
1700.0,267.03,200.0,0.676649786642739,1.3286057003750702
1910.8794243497218,300.15138557973256,244.42996402185761,0.15,0.5724445393820309
775.8618584187302,121.86412948918783,218.8423419734354,0.15,0.44382090337095637
971.9266929293913,152.66141842158675,200.0,0.15,0.3504796990347749
2000.0,314.15,234.89334616861848,0.15,0.5846953519444968
801.604513487751,125.90774897220808,192.79983880400889,0.15,0.43244035463118047
1046.6733515240005,164.40145005739,200.0,0.15,0.33221488496579676
1865.976406310681,293.0975739032818,163.40235936893188,0.15,0.4542272594077678
1590.5874018163117,249.84128082534255,200.0,0.5349964577193242,0.7986297187679003
1813.2273806501655,284.8142472541193,143.38630967491724,0.3367726193498345,0.8395633341795367
1934.6900603428303,303.8919854778472,239.11501005713836,0.3350448290286476,0.7909264196924188
1919.9365974710342,301.57364073075007,154.00317012644828,0.15,0.511660169088095
1761.9929554675114,276.7670268720971,230.9964777337558,0.22933568151082948,0.3054056283157418
1541.4920464757326,242.1284005013376,200.0,0.24335710457039847,0.47306400646389735
1663.0964932073134,261.23319715300477,200.0,0.9372640384524327,1.368178371231989
717.0198996709888,112.62187590665116,200.0,0.15,0.39385913283060453
1541.3555081120473,242.11012321424036,200.0,0.4572199573008426,0.9827110162240947
2000.0,314.1141609541905,400.87332066661645,0.15,0.6460873787289284
1656.0013546531093,260.11469278891036,101.59979680203361,0.15,0.32464956830111724
1042.0057348123082,163.66850085708774,200.0,0.17700368666505528,0.39760786488545136
1823.0911165617986,286.3635113746398,261.5455582808993,0.6512418364082373,1.116850948064417
1927.2500343173854,302.72279914040325,154.54687285516343,0.15,0.5059935722203993
905.073112491916,142.16465101442463,200.0,0.24923571735347622,0.48463742496653806
2000.0,314.14490763674286,365.2770897713574,0.15,0.639410835908543
1686.3443716305426,264.88497389572564,200.0,0.4418066229783256,1.1332051774774459
1762.336153342811,276.81776296708875,278.7008460028434,0.15,0.4542440579284739
654.29778665752,102.76927732078543,200.0,0.15,0.406048130126222
1285.540520253145,201.92270492136402,200.0,0.15,0.29237184122177545
1923.9356386571342,302.1655017053044,423.9356386571342,0.3274835098000202,0.8707835098000203
1246.3482472423018,195.76638267682077,236.9522370863453,0.15,0.4122539409161671
1208.822580089303,189.87585088042772,200.0,0.1623516121250241,0.31929145362326977
1940.963636973228,304.8371946410995,440.96363697322795,0.23855454454015806,0.8126912048278087
1670.252233472412,262.3566258785159,200.0,0.4053783502086181,1.0227350506258543
2000.0,314.15,297.1233385736899,0.15,0.5774798710876253
1184.902177241752,186.11957866296277,200.0,0.5135187229505437,0.8256246864233663
2000.0,314.15,220.8799264906154,0.15,0.5833039411924923
1738.554908846963,273.08220508168097,176.14450911530372,0.15,0.38541965077736
1700.4285029237528,267.0973035258908,200.21425146187653,0.449571497076247,1.155852548066667
1914.444021196986,300.7120075960065,307.22201059849283,0.2783339682045215,0.8234339035598989
934.1076415675753,146.7199577992269,200.0,0.15,0.3526183866398094
1300.2023412088204,204.22928274537543,218.78793897665378,0.15,0.3417468004061247
1776.398505929734,279.02965866469685,161.80074703513296,0.4854022411053989,1.0495656975623318
1746.8249727508012,274.3483560340352,405.0593647815504,0.15,0.5688328272286126
1281.6707663472775,201.31645352506663,200.0,0.2707160427202619,0.6685890682845528
729.5627863341692,114.59107466343963,200.0,0.15,0.39178872641700657
1974.4177376365908,310.1316661392675,54.79667419313919,0.15,0.31606916805595925
1700.0,267.03,200.0,0.5892396984378863,1.2897131517066192
1133.263759797186,178.0083308028091,200.0,0.316631879898593,0.7059344788807392
2000.0,314.15,180.45804941353106,0.15,0.5428493693621188
2000.0,314.1004889690153,496.57721689298336,0.15,0.6916697773030296
1738.5241125896773,273.0773676055865,128.4427662230968,0.15,0.28522289351076124
2000.0,314.14294207917067,113.52128746358287,0.15,0.36977437552784814
1513.938139346024,237.7996816912604,200.0,0.1709072090190359,0.31932162705710765
770.1023303954133,120.96307610511944,200.0,0.15,0.36556930088137596
1122.687952624891,176.34477394004992,200.0,0.2925512598067885,0.768226440856745
1964.6705243062295,308.60091701769846,332.33526215311474,0.18532947569377045,0.6949263821018337
1824.0933694183095,286.50024966173277,324.09336941830963,0.648402119981456,1.138930130806949
1700.0,267.03,200.0,0.6393613746337046,1.3146896650132986
1793.509945454375,281.7155746822459,324.1887431817969,0.15,0.5856868349226879
2000.0,314.15,237.7407345395147,0.15,0.5967925876316117
1608.87487692896,252.71424316553959,200.0,0.6127182269480799,0.9080528261044319
1219.8010098017785,191.60140972853046,200.0,0.19664455664464203,0.29288353562341896
2000.0,314.15,90.30648908818043,0.15,0.3591502169807558
1559.9090269151284,245.02170812836667,200.0,0.28479531055903895,0.569145393416225
1836.2643259295742,288.4098727383502,336.2643259295742,0.20457855802347524,0.43497968487489164
1720.1686160281718,270.1978172908248,203.36143600469526,0.4298313839718284,1.1196242039483522
1419.4437241006444,222.95912296310868,174.18984482913982,0.15,0.4443545275809246
1608.289766944674,252.62363253319478,200.0,0.8886375741471042,1.3074414250564366
1748.1541193812777,274.5900490724111,224.8154119381278,0.15,0.43030788356689437
1877.0382217779625,294.83680336725865,111.48088911101868,0.1909872594073458,0.277006307412504
1564.02202820118,245.66786063040541,200.0,0.24603304230177037,0.5446991269053111
2000.0,314.15,123.83286333624936,0.15,0.4716490130061236
774.2976841988393,121.61899713883403,200.0,0.22130359808134334,0.5565768856556861
1609.3234007791102,252.78635492783857,200.0,0.24175667279810092,0.2362063812789336
1387.877782398728,217.99933702209356,200.0,0.15,0.27282034747965067
1812.170569403886,284.6482574343703,181.30490509935234,0.431744145894171,1.010824272076782
1847.441770467928,290.16361378641795,347.4417704679282,0.3788373442981076,1.0018235928570265
1786.6634548954144,280.6419399822397,156.66827255229288,0.4700048176568786,1.015917194852832
749.9451493567087,117.79638296393892,200.0,0.15,0.37161645519298736
2000.0,314.115740252946,358.3377234857443,0.15,0.574712934304622
1851.47984122682,290.79718708848804,351.47984122682004,0.29852015877318,0.922664631865381
737.5135431420833,115.84087738138234,200.0,0.25626046515524625,0.5462002637958162
1970.7601647915726,309.55739654992965,245.1266941319288,0.23284619975721083,0.6891245615699182
1206.2291253248748,189.4695682746417,200.0,0.533660840584604,0.8516127574931003
1296.3506191455504,203.6224486874924,200.0,0.4463506191455502,0.7859230102085829
1254.1716438988906,196.9985595350524,200.0,0.15,0.29216316884929383
2000.0,314.1457170221333,179.98084506673078,0.15,0.5408794482074972
1325.7795437456184,208.24345073156172,216.28897718728092,0.15,0.4268528263625818
1796.2136494952883,282.12592160581073,296.21364949528817,0.6255014845109942,1.1688014845109942
1659.0346810990013,260.5911677070311,101.1447978351498,0.15,0.3245785884622834
1088.9494030531196,171.04672748456875,200.0,0.15,0.3157136594679836
1900.8097429910167,298.52911345472984,440.48584579461004,0.15,0.6066672295283542
1530.291524480083,240.36879849582104,200.0,0.19543728672012434,0.39291186016037305
1537.20234802022,241.4568145547191,200.0,0.68720234802022,1.1483360473852824
1317.0288875087494,206.8728976498744,200.0,0.3489491087648743,0.5699388319276817
910.6296919990755,143.03746617545477,200.0,0.20531484599953775,0.4725645015910309
1947.175210090485,305.85298633154554,323.5876050452425,0.20282478990951486,0.725444041865497
2000.0,314.15,151.35050139480285,0.15,0.4635582270224641
1700.0,267.03,200.0,0.7845566316625151,1.3545738867862935
1906.2310582822602,299.3876530444866,406.23105828226016,0.2906534125766097,0.8829320564671759
1700.0,267.03,200.0,0.7194879354384652,0.9920259610350122
1834.0066165233995,288.07797256860863,132.99669173830029,0.5373178947787346,0.9123502532975194
1700.0,267.03,200.0,0.28924685633757113,0.40379302822884555
1700.0,267.03,200.0,0.5607555261479655,1.1789027663994367
1710.552389459479,268.68742863776885,205.27619472973947,0.24648253684684035,0.23453767521200886
2000.0,314.14418631598534,190.69578810250823,0.15,0.5459828225048232
1070.2485202594419,168.10928631975185,188.7396449891899,0.15,0.3948852070367542
1428.3564746434145,224.3608386892661,200.0,0.3594521582144715,0.9151390885719242
1716.2635232617981,269.5844573869864,197.28941278970035,0.4337364767382021,1.1224466011502243
1700.0,267.03,200.0,0.8711886405230038,1.4017754562092017
1595.1401103818555,250.55460853878188,110.72898344272166,0.15,0.3260737214170646
1734.879983350584,272.50848271826504,182.56000832470804,0.9011733805066788,1.3211397430846374
1216.0714115472001,191.01049732583417,167.58928826792,0.15,0.3349439289697956
1473.8080503268736,231.49976854534526,200.0,0.31428483019612413,0.7690879518199998
1881.895434202816,295.56939362642186,381.89543420281615,0.32715684869577577,0.9321468002305049
1982.5449500150467,311.40839348236335,152.90917499749222,0.1761825749774299,0.5715991188612094
2000.0,314.15,99.21025839966191,0.15,0.41994154263928996
1679.7836277279025,263.81535567420497,419.9459069319756,0.15,0.6034526228799874
1779.7183908407856,279.53781552291923,279.71839084078533,0.7741312259511082,1.2513467432033438
1722.2528586782935,270.52518233640393,203.7088097797156,0.5666207119825595,1.248566225974904
1999.2268817160661,314.02856888820344,249.87114695267772,0.15115967742590064,0.6083869340602656
1314.2151369720868,206.4309137155754,200.0,0.17284302739441737,0.2817255780844661
845.5371683089236,132.81287720425834,200.0,0.19300732562509446,0.41208956942710717
1700.0,267.03,200.0,0.9393280769144157,1.420570255310013
1691.230629500674,265.65233189455586,200.0,0.9627301753778645,1.400828471617283
1128.0387737074063,177.18489134943354,200.0,0.15,0.3143922452585187
2000.0,314.15,125.3312931879257,0.15,0.47479571569464396
1328.7784436536822,208.69807900693775,298.6335330961047,0.15,0.456157424142846
1787.4764384483472,280.7696325989537,156.26178077582642,0.36252356155165283,0.911665972344628
1924.167393526576,302.2018640443198,424.16739352657606,0.3269427484379892,0.8702427484379891
1186.2529981560242,186.3306896853575,151.71837523049697,0.15,0.34372490006146583
1985.2517512534855,311.8335417302141,342.62587562674275,0.1844125804085337,0.6706622301578365
759.0376812635432,119.22192813229783,200.0,0.21506086960781312,0.5443217160256492
1873.5337255345898,294.2863638239662,286.76686276729487,0.445087973752624,0.9536812286457059
1781.9335159458833,279.8961166847794,284.580054783765,0.15,0.46900871091362845
1223.2168277414062,192.13689930162008,200.0,0.15464336554828123,0.296285307561375
1516.575496845188,238.21663090442405,200.0,0.22379649954931255,0.25144420054082495
1915.237740901267,300.83667450422564,164.12704318312217,0.3477786045637105,0.7714781665362398
1495.5526125234094,234.9139266121145,218.47203828271307,0.15,0.4132705387495966
1880.1204465137396,295.3209181324247,109.93977674313018,0.26987955348626036,0.652262749761529
1955.9317508261202,307.2283469964226,157.34470819564663,0.19406824917387983,0.6191433232651475
1992.570046898484,312.93340448864825,497.2137675869315,0.15,0.6896472493064673
1654.0163258276734,259.8059647875275,200.0,0.22700816291383674,0.22841501237353573
1672.0473929651823,262.6392044869708,200.0,0.5748426536686639,1.2440947859303646
890.457213282428,139.86460412352767,168.8795842911684,0.15,0.39585305619411226
2000.0,314.1043606307307,478.19684634663133,0.15,0.6857386663130118
1526.0269432583416,239.69898935138707,100.78282750803484,0.15,0.35045521833868987
856.8635365433868,134.58684000255246,200.0,0.15,0.36741063275194147
1816.589687119652,285.34235352359326,180.56838548005805,0.6696625531609869,1.093154456487396
866.0395236319087,136.03315817448205,197.2483531820038,0.15,0.36595559918118703
820.7839415330791,128.9246376163084,200.8659975638783,0.15,0.36092998781939145
1582.6834882566875,248.60218303871986,200.0,0.2369648320285208,0.23780603944904055
1463.8761986380973,229.93835390107915,227.66150827658737,0.15,0.49490754138293697
1465.4002556941086,230.17959349719567,200.0,0.7784335748222135,1.1674271782441432
1866.4680008846017,293.1765740056081,283.2340004423009,0.528340664160295,0.9982874642487551
1990.2714287835702,312.5722900333133,497.56785719589254,0.15,0.6905703250595234
1062.9123089320856,166.9536041837535,150.4022526144194,0.15,0.3835348350762796
945.0208683485826,148.43552737414487,200.0,0.15,0.3445632679270677
692.2495872617509,108.73087266570002,200.0,0.15,0.39867283020879973
1462.347769907625,229.69915560212593,200.0,0.5027786331440284,1.1091436544876327
1888.218966594754,296.59292568648266,168.6301722342077,0.26178103340524606,0.7613401701510167
1679.6094900839444,263.8266508921877,200.0,0.5541213526888752,1.1936227097679386
1903.1221137975344,298.8998596548331,403.1221137975343,0.37604840113908644,0.9193484011390864
1930.9746524427574,303.30841874367576,84.51267377862126,0.3110591443002325,0.5643319723829434
1737.6756337410563,272.9475862062619,206.27927229017607,0.8932523710670067,1.3469668030381583
1474.506748675828,231.60952008199905,200.0,0.5343094481461594,0.9002364566545658
1277.1619828793037,200.59033671147998,319.2904957198259,0.15,0.49048369969621797
1913.2753949755015,300.5274229350447,153.09730732230352,0.15,0.5197859238909323
1965.4129047472913,308.6705177872298,479.24774284837486,0.15,0.6630916310062843
1521.4070816590347,238.97305252863435,200.0,0.1981659337328277,0.36828074501518315
2000.0,314.15,176.89802129910046,0.15,0.5409500943630701
1977.1984510167372,310.5206128406074,486.3190706100423,0.15,0.6733851271180182
898.9237519857318,141.18384007970212,264.0550897112282,0.15,0.47568014441032286
1814.4525724618074,285.0042100823007,231.44525724618074,0.15,0.4767168007232653
1991.2714134349608,312.7790300035178,345.63570671748045,0.15290952885501305,0.621274917242231
1373.8811741996835,215.80266189996664,200.0,0.3610585020544591,0.9372109717343325
1788.5620999046455,280.93839184252215,76.42973751191931,0.15,0.3236479300031785
1847.4221790298006,290.1851102529473,224.5703631716334,0.5060149155971321,1.0067099058575197
1456.804185955553,228.82880152989827,200.0,0.38112376735999776,0.8136083719111062
1991.8541911716923,312.8704970782935,51.01822610353847,0.15,0.3168715269609436
1708.1455229537146,268.3069580179547,231.75909518460716,0.15,0.4947467716720111
1700.0,267.03,200.0,0.7481486820971628,1.3552890881586612
1287.005224008062,202.1567805871864,200.0,0.16740104480161241,0.28607916415871004
1700.0,267.03,200.0,0.73258282777331,1.1636907197107078
1437.429574115185,225.78543750201328,200.0,0.36368661670366664,0.7748591482303703
2000.0,314.15,117.73418460815165,0.15,0.4588417876771184
875.7915573573981,137.560943841761,229.5490954311498,0.15,0.4592885931995344
1366.785505183916,214.686763071462,200.0,0.20239792931198802,0.2771224848256144
1959.8717914768993,307.84719604797164,70.06410426155033,0.1633760695077002,0.3036787168555616
1737.9333271318735,272.9880612481796,181.03333643406333,0.41206667286812665,1.0503866840307545
2000.0,314.15,304.26462864337,0.15,0.6089001793812379
1737.4092341370808,272.9057437084642,206.23487235618015,0.41259076586291904,1.0880164040820182
1569.873356800148,246.57871955048722,241.9240140800887,0.15,0.3176273898292491
1574.7100105697814,247.346056017429,304.43321541819085,0.15,0.5674711852074797
1830.1111568827737,287.46612570772095,134.94442155861313,0.20662961437240873,0.26189579251625317
1991.9969712173383,312.8929909458699,151.3338381304436,0.15266767626088726,0.5184209045841197
1864.5202810225733,292.8432320924418,364.5202810225735,0.4661193442806618,1.0094193442806618
1700.0,267.03,200.0,0.7931516447546678,1.3740253678522265
1923.0632808911885,302.0658059853093,311.5316404455942,0.3679873708082996,0.8435936988974184
1626.2693704279834,255.44839270682763,200.0,0.2352538740855967,0.23179690073152262
612.9071767689352,96.26771747039973,200.0,0.15,0.41272784696931947
932.9994803943865,146.54589338294826,200.0,0.15,0.35283059950447504
1835.6548818080323,288.3368601026483,132.17255909598381,0.6156445015439083,0.9393036528293653
1186.7228551393523,186.4015879097821,262.86316305064486,0.15,0.5074163162204983
1396.6428842678638,219.37768104637468,224.86012017782767,0.15,0.4809006008891382
1906.732724446047,299.46636446558483,406.7327244460472,0.1810890918513176,0.5461553282677138
1358.2595430730582,213.34861772820065,170.32633567380157,0.15,0.30328388551876595
1752.9221801747042,275.34025145094165,96.327091217243,0.15,0.3114731352386251
1896.0969429216861,297.8302931682328,167.31717617971898,0.3924404665160657,0.8267759318992487
1722.1004104532008,270.4989219719365,315.26255130665004,0.15,0.5692209863103338
1700.0,267.03,200.0,0.6846001342355418,1.2831561087776095
2000.0,314.15,349.95897105608253,0.15,0.6332890452719739
1845.017620004638,289.8074341820618,224.16960333410634,0.30498237999536204,0.8907343633248305
1765.5931344814398,277.33249498921816,189.06781091976,0.6969493528766403,1.20380143448312
1341.3144238963755,210.6869631335232,173.50354551942957,0.15,0.3029322742958498
1845.9099848214046,289.9475949492819,127.04500758929764,0.5865883763393533,0.9004470675116976
1700.0,267.03,200.0,0.8374823131805739,1.391015096526455
897.1540675655947,140.92047516286578,212.14425844569934,0.15,0.37900210874616663
2000.0,314.15,317.7611182099594,0.15,0.6246922185620591
1941.392509200403,304.94471677841,320.69625460020154,0.16953583026653227,0.552558413508422
1636.438243181532,257.04223861289336,237.0156515421976,0.15,0.5572594758603509
1288.365673442614,202.3704799843658,200.0,0.22952910609835253,0.47673134688522784
1584.7081154483017,248.91764493692818,200.0,0.27706217317245246,0.6377865195173573
2000.0,314.10757911367847,446.9462042506789,0.15,0.6680312349959662
2000.0,314.10107778039236,496.76665882303547,0.15,0.6920066635292141
1461.022156721345,229.49005526700523,172.45741013661063,0.15,0.4502448055355238
1700.0,267.03,200.0,0.5626176631279172,0.831323840246642
654.5706899287013,102.81188601587195,194.153140364782,0.15,0.4127020935765214
654.0658515194842,102.73254381034387,200.0,0.15,0.40698829306320283
1527.4599706649192,239.92577489219218,109.0675036668851,0.15,0.33235133431116937
1762.789128876166,276.8920791754831,210.4648548126943,0.5058163066857512,1.1548733934575552
1825.0748819545724,286.6402549692288,395.04492917274354,0.15,0.5405204018991238
1949.8794945178745,306.2777392722741,158.35341758035426,0.2001205054821255,0.6318530615124636
1064.07950574163,167.14028836436654,211.0033127392346,0.15,0.41161656369617294
1700.0,267.03,200.0,0.2887194361506851,0.4013231194936585
1224.9719384567672,192.41172840540438,200.0,0.6329328615347748,1.005607644180119
1775.622904606575,278.8952337327716,275.6229046065748,0.3743770953934252,1.0398130276525797
1700.0,267.03,200.0,0.48733934815718905,1.1922964168382728
1839.4241796112074,288.9288911442669,269.7120898056036,0.3908637305831891,0.9901529981773605
1858.4731071827377,291.920842701502,226.41218453045627,0.2915268928172623,0.8660659701649809
1847.9689877846636,290.2709956813778,126.01550610766822,0.30203101221533646,0.7422868342029421
2000.0,314.1260967482032,317.32276257739807,0.15,0.6062934414904351
1725.1621215656037,270.9779368736432,225.16212156560363,0.7912883830135916,1.3345883830135916
1725.5647953655919,271.0430902320503,101.45660086895153,0.15,0.310905469503836
1701.0522719202197,267.19129087322807,235.05261359601099,0.15,0.5269005356939306
1700.0,267.03,200.0,0.9753154409400051,1.4399838024125446
925.7150437417281,145.40669049573194,184.285619532284,0.15,0.35240949854194237
670.183879596223,105.26588748456665,200.0,0.15,0.39554483612113306
693.5770697077892,108.93925624982626,200.0,0.2095490443595022,0.49968793089417973
1698.1169240835236,266.73020643503986,95.28246138747147,0.15,0.32366406397644554
1797.5172930175445,282.3467161566223,151.24135349122773,0.723701003116957,1.0838069767565235
1700.0,267.03,200.0,0.4574722898344111,1.160630960716127
1570.8530255443127,246.71105060122343,371.2559076632938,0.15,0.5416823739248057
1286.6314851863333,202.09764053564334,205.41446782414585,0.15,0.3332015166976623
1882.9801802757115,295.73959028525917,382.9801802757115,0.3255297295864327,0.9299530820890862
1880.430211519984,295.36957188940545,109.7848942400081,0.4289961731200378,0.7457359708547782
658.730808541311,103.46514175162642,200.0,0.15,0.405353050164339
1028.5358113812308,161.55726257270683,200.0,0.15,0.3242621826895558
1356.2293918987552,213.02651287945648,253.4344087848133,0.15,0.44448208064390493
1700.0,267.03,200.0,0.8879554336972834,1.3928570494145165
1474.639518180502,231.60264353988424,342.3918554541506,0.15,0.5076901417731714
1785.998174386107,280.5374465902445,185.66697093564883,0.3640018256138931,0.9760038337891755
1302.6011225896118,204.60658433637622,200.0,0.21156067355376704,0.4757762432205228
1005.7062123572292,157.96775225677018,243.46852275256026,0.15,0.4793975258698654
1741.4796031630613,273.54506300347816,220.73980158153066,0.4085203968369387,1.0842457455492334
679.6825162990536,106.7566745375577,200.0,0.21157285350381413,0.491697149679299
1700.0,267.03,200.0,0.9717719660418668,1.4420087864167468
2000.0,314.15,325.16797670314236,0.15,0.6266698497797389
1700.0,267.03,200.0,0.9204768152475512,1.4214907260990204
2000.0,314.15,201.21233940019403,0.15,0.5675698715201553
1602.6303534486556,251.73174359063844,307.42468072664167,0.15,0.5717928554230883
1700.0,267.03,200.0,0.7464315375462034,1.3165113403453792
2000.0,314.14401239972375,367.9628008286654,0.15,0.6404851203314661
904.1631172288164,142.0188175607856,200.0,0.15,0.3479544612700083
1878.7843852377841,295.111067441348,229.7973975396307,0.19040520492073856,0.4503934777764247
1372.3955181630263,215.55825129557218,264.64831931113486,0.15,0.38475394661689777
1904.5235008161737,299.1538245281937,302.26175040808687,0.24547649918382625,0.7998428400763209
1860.4712259147932,292.23468055035016,280.23561295739665,0.35929316112781007,0.943379445608691
979.8856771844993,153.91604242619184,200.0,0.28991108225461054,0.5638083128190783
1417.2232435531264,222.61034098110733,186.4235472779296,0.15,0.361528483736423
1093.2873847219685,171.7189180228907,227.98621541659057,0.15,0.3729584330222715
1150.7837905777437,180.75811110574705,200.0,0.15,0.30648802991746515
1086.336967223744,170.6371745071341,200.0,0.29316848361187203,0.6567447720876446
1850.434225952502,290.6582024229396,124.78288702374908,0.2995657740474982,0.7353841673329948
1973.5667699932715,309.9979059923002,347.1678682135648,0.15,0.6292085136125299
1138.116169778677,178.76826634187054,200.0,0.4924375625864309,0.8943982391116672
1433.14241816413,225.1115258496182,200.0,0.22574021983310275,0.26769472780812004
864.9910578767552,135.8644168126266,190.53603364725873,0.15,0.43742072597603077
2000.0,314.13548581613423,393.542551597214,0.15,0.6507170206388857
1273.4873967304447,200.03096306354243,200.0,0.42348739673044483,0.7515203928231108
1198.5831890913728,188.26344734247283,170.21252163629407,0.15,0.3353531533752619
1602.7578685331648,251.75120598918951,109.58631972002527,0.15,0.32589546587632395
1047.1493585043506,164.4816720130667,200.0,0.2323831195014502,0.5762883186705339
1652.3026265564347,259.53769657948476,200.0,0.42138157593386083,1.0748848598164837
1325.9986289301464,208.2778646323474,248.89979433952197,0.15,0.435615397865212
1831.7562974667449,287.7245224554434,178.04061708887588,0.2060812341777517,0.3546549360110132
1734.0420912882316,272.3768778050049,217.02104564411587,0.23865263623725608,0.2668986544314206
1212.5019173408746,190.45291481575427,200.0,0.6232969361270394,0.9938552160975316
849.5664940842828,133.44154836719616,173.260732776684,0.15,0.3987738218511227
1978.8485133295228,310.8278064936237,153.52524777841288,0.15705049555682574,0.5049831806227723
1590.6679304034678,249.8297484224745,346.5004739013004,0.15,0.4920621212846048
1389.9128280264476,218.32055746225424,175.42029883223137,0.15,0.4401709839704134
1749.7623700258264,274.84600958538977,224.8811850129131,0.859006618260159,1.3172828552627416
1700.0,267.03,200.0,0.8715003576501954,1.2419951881199813
1500.6657974378434,235.7174444089503,200.0,0.4718565840671849,1.0266273793433278
1306.5747747737978,205.22851747732403,200.0,0.34708378378315574,0.7604454054040657
1834.4684043578268,288.128092643743,334.46840435782667,0.20517719854739108,0.4321463192751979
1218.5317922576055,191.4020438571752,200.0,0.2895105974192018,0.7286282597845382
1736.7963689042526,272.773739872579,401.29863833909474,0.15,0.5639025148625533
852.076614294273,133.83993419027294,202.16985892892805,0.15,0.3674492946446402
1392.1940240388205,218.67983729601792,200.0,0.41907163365434874,0.720251452963285
1167.9381920968863,183.45308997842085,200.0,0.15,0.30641236158062274
1225.6369206566605,192.51433685058055,200.0,0.24670153742428308,0.6032215848688987
1324.5401702113902,208.0443634753159,246.7025638292713,0.15,0.36122706118017467
1056.147612907943,165.89438629751515,189.32718279550235,0.15,0.3928875784952919
1700.0,267.03,200.0,0.9006918356567936,1.4135767342627175
1112.9119317934646,174.80685145715626,200.0,0.2629119317934647,0.5099001967972235
1718.4517209375915,269.928150301931,203.07528682293193,0.806945984478953,1.3449134371279892
1473.8059920714047,231.49944523457623,200.0,0.39642539286426426,0.8476119841428095
1685.4750198529,264.706098474899,432.60178996847856,0.15,0.6311363842809268
2000.0,314.1085472446784,440.16928725134494,0.15,0.6648034862422835
1773.881220230952,278.63427699094154,163.05938988452402,0.489178169653572,1.0578173600829395
1478.9219309435941,232.30305691261975,200.0,0.40102973784923474,0.8578438618871883
989.8888901783153,155.48679742475886,192.08796290923686,0.15,0.38350092610859465
1187.0238045229237,186.45165596047593,200.0,0.15,0.3025217073210451
1904.6120505021145,299.1677327321988,165.8979915829809,0.3725718821617324,0.8021757860993907
1979.198751190139,310.8828171869312,246.53312519835652,0.15693374960328693,0.5797941240336928
2000.0,314.15,261.86974955953457,0.15,0.5402638322850153
1124.1383370892088,176.57260296876763,200.0,0.36442022880922176,0.8375307336223702
1789.412756837407,281.0737636739287,185.0978738604322,0.22019574772086442,0.3113798374878297
1815.2466683210046,285.1298704265218,84.64124968981167,0.15,0.3127663683676608
955.3482016120471,150.06175029099455,200.0,0.16726091129022747,0.33302159517754926
1196.513890899591,187.9423322603257,200.0,0.15,0.30069722182008185
2000.0,314.1406917482127,215.1577625111246,0.15,0.5576337114588699
1808.653346222177,284.09581891329657,254.32667311108847,0.3413466537778231,0.9670723464064495
927.7781159416477,145.7307475615343,205.32408816423532,0.15,0.38322044082117657
1700.0,267.03,200.0,0.615184942772119,1.305667020642555
1124.5215523438787,176.63279911772617,200.0,0.5553121086293609,0.9109377211953629
1809.5732604846116,284.24030678011627,254.78663024230576,0.21347557983846283,0.3709554285276332
1723.6454231728353,270.74390779967996,203.94090386213918,0.2421181922757216,0.2504710686620603
1767.148552387933,277.57679929506463,233.57427619396643,0.8097457682341902,1.2697606234729835
885.507473531487,139.08803304682328,200.0,0.3706194113652399,0.6856778161909933
1700.0,267.03,200.0,0.41481249639245005,0.5422908366954361
1996.3625749736766,313.57868177586545,51.81871251316173,0.15545613753948515,0.3285234792362883
1124.3604470639348,176.60891722256758,240.54505588299185,0.15,0.4313921130854923
1991.8683168163084,312.87278362794814,248.64471946938474,0.16897392742861359,0.6279239838687004
1391.7023893691114,218.60084962146783,200.0,0.6256386156624923,0.9629746715494738
758.9456118392397,119.21035561994455,200.0,0.15,0.3689163164482281
1788.5617657666105,280.9372821666192,171.14382342333894,0.15,0.4124233535139697
1390.7976390652693,218.4599309582617,200.0,0.7610709029140718,1.1618908294717862
1442.1442310547243,226.52251172066704,200.0,0.15,0.2648651098493251
1530.765893817094,240.4427066007891,196.92341061829063,0.15,0.27321358266123064
1536.8502590357143,241.3797012968451,326.3188471383929,0.15,0.4656040085984331
1057.9145581435687,166.16754973352403,200.0,0.1582735083062241,0.3300717900325311
1470.2839362632367,230.91868651141607,341.085180878971,0.15,0.5061513146818015
1604.1419162078641,251.95819800631054,262.48514972471855,0.15,0.34755754961594865
1732.8884583210317,272.1901991105699,232.88845832103192,0.7732602639175921,1.3165602639175922
1505.1123401888563,236.41704639686554,200.0,0.21102246803777125,0.251182025569783
1856.235122769945,291.5693299497327,121.88243861502744,0.48545138020346135,0.8325721443786669
1924.926102421119,302.3583931536104,87.53694878944054,0.2626108463683216,0.5626922362635721
1911.0524432265022,300.1793037494426,164.82459279558296,0.2834213351602466,0.7559068013620771
